num,name,age,city,county,charged,charges,companion,status,resolved,source_url,thumb,aka,summary,lat,lon
1,Scott Richard Hartman,49,Westerville,Franklin,Oct 2026,"Grooming, child sexual abuse material",exploitation,"Pending, pleaded not guilty",,https://abc6onyourside.com/news/local/catholic-foundation-executive-arrested-in-franklin-county-icac-online-sex-abuse-probe-scott-richard-hartman-warrant-custody-confessed-senior-vice-president-chief-development-officer-teenager-grooming-pandering-sexually-oriented-matter-obscenity-april,01_hartman.jpg,catholic foundation;hartman,"Scott Richard Hartman, 49, a former senior executive at the Catholic Foundation of Ohio, was indicted in Franklin County in October 2026 on a grooming charge and child sexual abuse material counts after a sheriff's ICAC investigation, and has pleaded not guilty.",40.1262,-82.9291
2,Keylan Behanan,26,Cincinnati,Hamilton,Mar 2026,"Grooming, 2 sexual battery",hands-on,Pending,,https://www.wcpo.com/news/local-news/basketball-coach-charged-with-grooming-sexual-battery-of-a-minor,02_behanan.jpg,basketball coach;behanan,"Keylan Behanan, 26, a seasonal basketball coach at a Cincinnati charter school, was charged in March 2026 with grooming and two counts of sexual battery involving a minor.",39.1031,-84.512
3,Joshua Telford,35,Cincinnati,Lorain,Feb 2026,"Grooming, rape",hands-on,"Pending, held without bond",,https://local12.com/news/local/joshua-telford-cincinnati-man-arrested-after-traveling-to-sexually-abuse-12-year-old-cleveland-girl-allegations-investigation-launched-crime-criminal-activity-pandering-obscenity-involving-minor-enticement-charges-grooming-unlawful-sexual-conduct-elyria,03_telford.jpg,elyria;telford;lorain county girl;elyria girl,"Joshua Telford, 35, of Cincinnati, was indicted in Lorain County in February 2026 on grooming and rape charges for allegedly traveling to abuse a 12-year-old, and is held without bond.",41.3683,-82.1077
4,Michael Waldron,56,Warren,Warren,Mar 2026,12 felonies incl. grooming-related (statute cite unconfirmed),unspecified,Pending,,https://www.fox19.com/2026/03/26/traffic-stop-leads-arrest-warren-county-man-accused-child-sex-crimes/,04_waldron.jpg,warren county man;waldron,"Michael Waldron, 56, of Warren County, was arrested in March 2026 after a traffic stop and charged with twelve felony counts including a grooming-related offense (exact statute not confirmed in reporting).",39.4356,-84.2033
5,Christopher Walter,52,Deshler,Henry,Jun 2026,"Grooming, 2 sexual battery",hands-on,"Pending, pleaded not guilty",,https://tiffinohio.net/posts/deshler-pastor-christopher-walter-charged-sexual-battery-grooming/,05_walter.jpg,deshler;walter;lutheran pastor;patrick henry;henry county,"Christopher Walter, 52, a Deshler pastor, was indicted in Henry County in June 2026 on grooming and two counts of sexual battery, and has pleaded not guilty.",41.2064,-83.8988
6,James Ryan Grubbs,48,Germantown,Montgomery,Jul 2026,Grooming among 150+ counts,exploitation,Pending,,https://www.fox19.com/2026/07/15/ex-ohio-softball-coach-accused-grooming-using-spy-camera-photograph-girls/,06_grubbs.jpg,softball coach;valley view;grubbs,"James Ryan Grubbs, 48, a former Valley View softball coach in Germantown, was indicted in Montgomery County in 2026 on a grooming count among more than 150 charges tied to alleged spy-camera recordings of girls.",39.6259,-84.3694
7,Joshua A. Vanwey,26,Miami,Miami,Jul 2026,"Grooming, child endangering, unlawful sexual conduct",hands-on,"Pending, pleaded not guilty",,https://www.daytondailynews.com/community/man-accused-of-sexually-assaulting-grooming-juvenile-in-miami-county/article_c879b438-b364-5941-9888-4715a784dfdd.html,07_vanwey.jpg,miami county;vanwey,"Joshua A. Vanwey, 26, of Miami County, was indicted in July 2026 on grooming, child endangering, and unlawful sexual conduct charges, and has pleaded not guilty.",40.0392,-84.2033
8,Diego Montoya Gonzales,,Columbus,Franklin,Aug 2026,"Grooming, attempted rape, enticement",hands-on,"Pending, pleaded not guilty",,https://myfox28columbus.com/news/local/columbus-man-indicted-on-multiple-charges-including-attempted-rape-child-enticement-franklin-county-grand-jury-diego-montoya-gonzalez-sexual-assault-indictment-tik-tok-pandering-importuning-enticement,08_gonzales.jpg,tiktok;montoya,"Diego Montoya Gonzales was indicted in Franklin County in August 2026 on grooming, attempted rape, and child enticement charges tied to alleged TikTok contact with a minor, and has pleaded not guilty.",39.9612,-82.9988
9,Steven Barton,43,Cincinnati,Hamilton,Aug 2026,"6 sexual battery, 2 grooming",hands-on,Pending,,https://www.hcpros.org/hamilton-county-prosecutor-connie-pillich-announces-aiken-high-school-principal-indicted-on-additional-sexual-battery-charges,09_barton.jpg,aiken;barton,"Steven Barton, 43, an assistant principal at Cincinnati's Aiken High School, was indicted in 2026 on six counts of sexual battery and two counts of grooming.",39.1015,-84.5125
10,Diego Vanderveen,19,Springfield Twp,Hamilton,Sep 2026,"Grooming, disseminating",exploitation,Pending,,https://www.fox19.com/2026/09/01/former-milford-custodian-posed-teen-snapchat-groom-child-court-records-say/,10_vanderveen.jpg,milford;custodian;vanderveen,"Diego Vanderveen, 19, a former Milford High School custodian, was indicted in Hamilton County in September 2026 on grooming and related charges for allegedly posing as a teenager on Snapchat.",39.24,-84.52
11,Joshua A. Conley,39,Mansfield,Richland,Sep 2026,"Grooming, trafficking",exploitation,Pending,,https://www.richlandsource.com/2026/09/18/teen-indicted-on-attempted-murder-from-springmill-street-incident/,11_conley.jpg,richland co;conley,"Joshua A. Conley, 39, of Richland County, was indicted in September 2026 on grooming alongside human trafficking and prostitution-related counts.",40.7584,-82.5154
12,David Joseph Thomas Souza,44,Marysville,Union,Sep 2026,"Grooming, 3 rape, kidnapping",hands-on,"Pending, jailed",,https://marysvillematters.substack.com/p/marysville-man-faces-11-sex-counts,12_souza.jpg,marysville;souza,"David Joseph Thomas Souza, 44, of Marysville, was indicted in Union County in September 2026 on eleven counts including grooming, three counts of rape, and kidnapping, for alleged conduct dating to 2024, and remains jailed.",40.2362,-83.3671
13,Christopher Helmer,18,Pierce Twp,Clermont,2026,"Grooming, gross sexual imposition, CSAM",hands-on,"Convicted, 9 years",convicted,https://local12.com/news/local/former-clermont-county-day-care-worker-pleads-guilty-inappropriate-behavior-child-5-year-old-grooming-gross-sexual-imposition-jelly-bean-junction-sex-abuse-material-csam-cincinnati-local-12-wkrc-news,13_helmer.jpg,daycare;day care;jelly bean;helmer,"Christopher Helmer, 18, a former Clermont County daycare worker, pleaded guilty to grooming and related charges and was sentenced to nine years in September 2026.",39.03,-84.22
14,James West,72,Austintown,Mahoning,2026,"Sexual battery, grooming",hands-on,"Pleaded guilty, sentencing Nov 2026",pleaded guilty,https://yahoo.com/news/us/articles/austintown-man-pleads-guilty-inappropriately-155735064.html,14_west.jpg,austintown;james west,"James West, 72, of Austintown, pleaded guilty in 2026 to sexual battery and grooming, with sentencing set for November 2026.",41.1009,-80.7645
15,Paul Banovich Jr.,66,Brookfield,Trumbull,Apr 2026,"2 grooming, 2 importuning",exploitation,Pending,,https://www.wkbn.com/news/local-news/brookfield-news/brookfield-man-charged-with-importuning-grooming-following-search/,15_banovich.jpg,brookfield;banovich,"Paul Banovich Jr., 66, of Brookfield, was indicted in Trumbull County in April 2026 on two counts of grooming and two counts of importuning.",41.24,-80.56
16,Paul Bingle,49,Eaton,Preble,2026,"4 grooming (dropped), sexual battery",hands-on,"Pleaded guilty to other counts, 13 to 17 years",plea on other counts,https://dayton247now.com/news/local/preble-county-teacher-indicted-for-alleged-inappropriate-student-relationships-paul-bingle,16_bingle.jpg,preble county teacher;bingle,"Paul Bingle, 49, a Preble County teacher, was indicted on four counts of grooming but pleaded guilty to sexual battery and unlawful sexual conduct after the grooming counts were dropped, receiving thirteen to seventeen years.",39.7442,-84.6363
17,Mark H. Barnes,40,North Ridgeville,Wood,Oct 2025,"Attempted grooming, importuning",exploitation,Pending,,https://www.sent-trib.com/2025/10/27/ohio-man-indicted-for-attempted-grooming/,17_barnes.jpg,attempted grooming;barnes,"Mark H. Barnes, 40, of North Ridgeville, was indicted in Wood County in October 2025 on attempted grooming and related counts in a police sting.",41.3748,-83.6513
18,Matthew Rava,33,Bowling Green,Wood,Jul 2026,"Grooming, 3 rape, 5 sexual battery",hands-on,"Pending, released on bond",,https://bgindependentmedia.org/bg-man-indicted-on-nine-counts-of-sexual-offenses-with-juvenile/,18_rava.jpg,nine counts;rava,"Matthew Rava, 33, of Bowling Green, was indicted in Wood County in July 2026 on grooming plus three counts of rape and five counts of sexual battery, and was released on bond.",41.37,-83.64
19,Pablo Losoya,41,Portage,Wood,Jul 2026,"Grooming, unlawful sexual conduct, pandering, drugs",hands-on,Pending,,https://www.sent-trib.com/2026/07/26/bg-man-indicted-for-rape-2-others-indicted-for-pandering/,19_losoya.jpg,losoya,"Pablo Losoya, 41, of Portage, was indicted in Wood County in July 2026 on grooming alongside unlawful sexual conduct, pandering, and drug counts, and was held on bond.",41.3242,-83.6346
20,Steven Smetana,53,Claridon Twp,Cuyahoga,May 2026,"Grooming, 5 rape, gross sexual imposition",hands-on,Pending,,https://www.geaugamapleleaf.com/news/grand-jury-indicts-smetana-on-12-charges-including-rape/,20_smetana.jpg,berkshire;smetana,"Steven Smetana, 53, of Claridon Township in Geauga County, was indicted in Cuyahoga County in May 2026 on grooming plus five counts of rape and gross sexual imposition.",41.53,-81.12
21,Richard Todd Hauke,57,Clermont,Clermont,Nov 2025,"40 counts incl. grooming, rape, GSI",hands-on,"Pending, jailed",,https://local12.com/news/local/sexual-contact-minor-clermont-county-13-years-old-grooming-rape-allegedly-charges-indicted-grooming,21_hauke.jpg,hauke,"Richard Todd Hauke, 57, of Clermont County, was indicted in November 2025 on a 40-count indictment including grooming, rape, and gross sexual imposition involving a child under 13, and is jailed.",39.077,-84.1772
22,James Russell Blair,40,Jackson Twp,Clermont,"Jun 24, 2025","44 counts incl. 2 grooming, rape",hands-on,"Convicted, 20 years",convicted,https://clermontprosecutor.org/press-release/jackson-township-man-indicted-on-44-counts-including-child-rape-and-sexual-exploitation/,22_blair.jpg,jackson township;blair,"James Russell Blair, 40, of Jackson Township in Clermont County, was indicted June 24, 2025, the earliest grooming charge found in Ohio, on 44 counts including two grooming counts, and pleaded guilty, receiving 20 years.",39.1,-84.06
23,Carlos Rivera-Alejandro,29,Dunkirk,Hardin,Jul 2026,"48 counts incl. grooming, rape, sexual battery",hands-on,"Pending, $750,000 bond",,https://mercercountyoutlook.net/2026/07/22/hardin-county-man-indicted-on-48-sexual-charges-with-a-minor/,23_rivera.jpg,hardin county;dunkirk;rivera-alejandro,"Carlos Rivera-Alejandro, 29, of Dunkirk in Hardin County, was indicted in July 2026 on a 48-count indictment including grooming, rape, and sexual battery, and is held on $750,000 bond.",40.7912,-83.6457
24,Brock Abke,31,Perrysburg,Wood,Nov 2025,"Grooming, 4 pandering obscenity involving a minor, 2 contributing to delinquency",exploitation,"Convicted, 17 to 21 years",convicted,https://bgindependentmedia.org/former-fair-board-director-sentenced-to-17-years-for-pandering-and-grooming-minors/,,abke;fair board,"Brock Abke, 31, of Perrysburg, a former Wood County Fair Board director, was indicted in November 2025 over three 4-H minors, pleaded guilty in May 2026 to grooming and pandering counts, and was sentenced July 9, 2026 to 17 to 21 years.",41.557,-83.627
25,Justin D. Shuttleworth,,,Darke,2026,"Grooming, 3 illegal use of a minor in nudity-oriented material (dismissed)",exploitation,"Pleaded guilty to grooming (misdemeanor), felonies dismissed, sentencing Jun 2026",pleaded guilty,https://www.dailyadvocate.com/2026/06/09/shuttleworth-pleads-guilty-to-grooming/,,shuttleworth,"Justin D. Shuttleworth was indicted in Darke County on three nudity-material felonies and a grooming count for conduct from August to November 2025, and on June 8, 2026 pleaded guilty to grooming, a misdemeanor, with the felonies dismissed.",40.102,-84.633
26,Michael Rowland,53,Whitewater Township,Hamilton,Jun 2026,"Grooming, rape, sexual battery, unlawful sexual conduct with a minor, importuning",hands-on,"Pending, bond $410,000",,https://www.wlwt.com/article/couple-arrested-after-grooming-14-year-old-for-sex/71648227,,rowland;whitewater,"Michael Rowland, 53, of Whitewater Township, was arrested in June 2026 and is accused with his wife of grooming and sexually assaulting a 14-year-old; he faces rape, sexual battery, unlawful sexual conduct, importuning and grooming charges in Hamilton County.",39.17,-84.73
27,Amanda Rowland,41,Whitewater Township,Hamilton,Jun 2026,"2 grooming, rape, sexual battery, unlawful sexual conduct, importuning",hands-on,"Pending, bond $420,000",,https://www.wlwt.com/article/couple-arrested-after-grooming-14-year-old-for-sex/71648227,,rowland;whitewater,"Amanda Rowland, 41, of Whitewater Township, was arrested in June 2026 and is accused with her husband of grooming and sexually assaulting a 14-year-old; she faces rape, sexual battery, unlawful sexual conduct, importuning and grooming charges in Hamilton County.",39.17,-84.73
28,Dustin Eugene McCoy,38,Akron,Richland,Jun 2026,"Grooming, 3 pandering, 4 illegal use of a minor in nudity material, 2 disseminating",exploitation,Pending,,https://www.richlandsource.com/2026/06/22/former-manci-inmate-eligible-for-death-penalty-if-convicted-of-killing-cellmate/,,mccoy;akron man,"Dustin Eugene McCoy, 38, of Akron, was indicted in Richland County in June 2026 on grooming, pandering, nudity-material and dissemination counts after allegedly traveling to Mansfield around Feb. 7 to meet a 15-year-old he contacted on social media.",40.758,-82.515
29,James R. Kimball,44,,Preble,Oct 2025,"Grooming (reduced to attempt, misdemeanor)",none,"Pleaded guilty to a reduced attempt count, 90 days (75 suspended), 2 years probation",plea on other counts,https://www.whio.com/news/local/bus-driver-learns-punishment-allegedly-grooming-student/FEKY4SKRCJCCFAKLIL7ZAECRTU/,,kimball;twin valley;eaton student,"James R. Kimball, 44, a Twin Valley South bus driver, was charged in Eaton Municipal Court in October 2025 with grooming a 16-year-old student, pleaded guilty to a reduced misdemeanor attempt, and was sentenced in June 2026 to 90 days, 75 suspended.",39.744,-84.636
30,Carlos L. Moreno,40,Aurora,Portage,May 2026,"Grooming, 2 illegal use of a minor in nudity-oriented material, importuning, failure to register as sex offender",exploitation,"Pending, pleaded not guilty, $50,000 bond",,https://www.record-courier.com/story/news/crime/2026/05/19/aurora-man-charged-with-grooming-young-girls-soliciting-lewd-photos/90164945007/,,moreno;aurora man,"Carlos L. Moreno, 40, of Aurora, was indicted in Portage County in May 2026 on five counts including grooming, importuning and nudity-material charges for allegedly texting girls as young as 10 for sexual photos, and has pleaded not guilty.",41.317,-81.345
31,Michael Carlton,,Plain Township,Stark,Sep 2026,"Grooming (multiple counts), sexual imposition, assault, unlawful restraint",hands-on,"Pending, $150,000 bond",,https://www.wkyc.com/article/news/crime/stark-county-youth-minister-michael-carlton-grooming-sexual-misconduct-teens-star-east-plain-township/95-aba08919-e237-44cb-8b31-80bc946ff227,,carlton;stark county youth minister,"Michael Carlton, a former youth minister at The STAR in the East congregation in Plain Township, was charged in Stark County in September 2026 with multiple grooming counts plus sexual imposition, assault and unlawful restraint involving three young people.",40.86,-81.35
32,Jonathon Hair,47,Racine,Meigs,Nov 2025,"Grooming, multiple rape of a minor",hands-on,"Pending, jailed, additional charges pending",,https://wchstv.com/news/local/man-accused-of-grooming-raping-minor-in-meigs-county-deputies-say,,jonathon hair;racine;meigs county,"Jonathon Hair, 47, of Racine, was charged in November 2025 by the Meigs County Sheriff's Office with multiple counts of rape of a minor and grooming violations, and was held at Southeast Regional Jail with more charges pending.",38.97,-81.91
33,Chevalier Adams Jr.,39,Avondale (Cincinnati),Hamilton,Jul 2025,"Grooming, 3 rape, kidnapping, importuning",hands-on,"Pending, held in Hamilton County Justice Center",,https://www.hcpros.org/hamilton-county-prosecutor-connie-pillich-announces-indictment-in-rape-case-stemming-from-video-game-chat,,chevalier;adams jr;zepeto;avondale,"Chevalier Adams Jr., 39, of Avondale, was indicted in Hamilton County in July 2025 on rape, kidnapping, importuning and grooming charges for allegedly meeting an 11-year-old on the game Zepeto and raping her July 20, and remains in jail.",39.14,-84.5
